Server_cost,lamda,Utilization,used_server,CaseID,H_cost,FailureRates,min_server,T_cost,holding_costs,holding_cost_min,skillCost,Num_back_orders,param_name,BO_cost,var_level,S,machineCost,ServiceRates,penalty_cost,param_value,VNS_best_priority,num_SKU,VNS_run_time,VNS_best_cost,utilization_rate
720000.0,1,1.0,4,Case: 0022,67841.26007450558,"[0.20098987924896647, 0.06522156778502702, 0.024439695916407985, 0.011585874349435046, 0.07193722439466484, 0.03553639353810447, 0.0010729390774776569, 0.03927583189368288, 0.04141552199488014, 0.0005455344691903801, 0.01832917069524063, 0.01528089805285754, 0.04899328875297068, 0.008197263802794093, 0.0322797722545274, 0.21000930478167676, 0.00032688644228809165, 0.00951127911857245, 0.11558455555035185, 0.04946711788088328]",4,798733.0297717154,"[58.118114721147535, 297.2827716873855, 396.9589597769828, 243.9478453846884, 265.4492021914395, 679.7128550628206, 438.78756833296654, 745.6299780151064, 315.13415136923436, 836.7942107868823, 575.1019205962223, 933.5650696682153, 615.4014727583225, 602.2653226119431, 671.6148960049892, 253.34932073579216, 168.91321568753372, 985.6688726941106, 328.40241820686174, 486.4522193973242]",1,100,0.6476566580352056,machine_cost,10891.76969720986,0.05,"[242.375, 2.0, 2.975, 115.075, 5.725, 1.0, 11.8, 1.0, 7.55, 6.025, 1.0, 0.95, 2.0, 1.0, 1.0, 5.15, 4.725, 0.0, 4.8, 1.475]",180000.0,"[0.22583944799959493, 0.2943428808506016, 0.14787429356054224, 0.045322365856200156, 0.24066527890086528, 0.46481172516590413, 0.006804296760538573, 0.5843727796564988, 0.17089710837276598, 0.011976750124481007, 0.17473531297395478, 0.35160552328517336, 0.5561687084492176, 0.09578658896843173, 0.3948046932676345, 0.7028437141786761, 0.0007485877350063664, 0.29227112800022365, 0.4530609432485239, 0.32443343851453516]",16817.197139997286,1.8,"[17, 5, 15, 18, 13, 7, 18, 7, 16, 18, 7, 4, 8, 3, 5, 7, 18, 3, 8, 6]",20,45584.525571107864,798733.0297717154,0.8
1440000.0,1,0.9999999999999999,8,Case: 0023,61024.08895126516,"[0.16824052302283832, 0.01713945737055406, 0.039332592411880564, 0.07267296225824957, 0.39695882785768993, 0.03319239126574961, 0.12347068401258703, 0.01120363898502441, 0.05747369786608465, 0.08031522494934205]",8,1505292.2328931019,"[154.4114428939626, 416.03536356033624, 240.3799922711092, 313.495337597714, 136.08022326761892, 687.632662330014, 215.73347511098063, 958.9633622795757, 522.0438349207601, 179.11097778761803]",1,100,0.38115494588710336,machine_cost,4268.143941836615,0.05,"[15.825, 2.975, 198.15, 3.0, 34.2, 1.0, 4.0, 0.0, 2.0, 8.5]",180000.0,"[0.1050838184788151, 0.04321328204158615, 0.05350108762981322, 0.1366538682461818, 0.16316234363196402, 0.2396418894230887, 0.13066699772430607, 6.672416221203157, 0.21149633564247877, 0.08493420896806653]",11197.92354236123,1.8,"[8, 8, 10, 5, 8, 4, 2, 5, 3, 8]",10,17934.23511481285,1505292.2328931019,0.8
900000.0,1,0.8,5,Case: 0029,15635.693380183215,"[0.013429431839810126, 0.22669811246345392, 0.03623199975715838, 0.1260566479289808, 0.08859875136533081, 0.004380628077720801, 0.1750025530293857, 0.16661900694184614, 0.0025706795038294133, 0.16041218909248378]",5,921479.5062138335,"[345.7094833416812, 552.9328739297977, 198.87302394059896, 397.0897349369707, 975.009560784716, 615.2161197683994, 422.82500824036043, 252.49094607503832, 299.1042333093743, 434.0282925530267]",100,100,0.252546996149917,machine_cost,5843.812833650272,0.05,"[4.025, 2.275, 11.375, 3.675, 1.0, 1.0, 4.125, 11.9, 4.05, 3.95]",180000.0,"[0.04416745375958277, 1.6944103603337282, 0.029469824917840184, 0.377541780807207, 10.087253614780334, 0.03490708395067173, 0.7071847772804715, 0.22328675481360785, 0.004310310717788474, 0.5844902435323533]",23139.50639975645,1.8,"[9, 2, 9, 7, 4, 8, 7, 8, 10, 7]",10,21717.943540096283,921479.5062138335,0.8
1440000.0,1,0.9999999999999999,8,Case: 0032,54660.804207605965,"[0.14334617365713131, 0.1087591068796308, 0.07861822262943229, 0.06517083261027623, 0.05813460239023682, 0.10547911729477445, 0.01745223954956586, 0.027215177817078662, 0.05312877560843505, 0.006015926380889954, 0.001580795220005256, 0.008568199850681323, 0.009235015691582898, 0.050917739085476796, 0.02790578721217324, 0.03589337357655934, 0.04561795253492848, 0.09007838829162641, 0.01103796404204326, 0.05584460967747153]",8,1501763.576861403,"[820.6858122826345, 995.4696718979608, 364.3110048393151, 243.6650804131123, 591.4420963225225, 521.1232570327604, 715.6967049145095, 373.59737344882194, 724.0507558940544, 678.2240231402922, 800.4169957757563, 391.89732633582673, 303.4077720443091, 584.4094992678203, 374.93374027970845, 998.7349326456922, 344.9518405873439, 313.9430939916981, 476.76656389383777, 167.8472362928854]",100,100,0.2504808537472526,machine_cost,7102.772653796876,0.05,"[2.0, 1.0, 6.775, 10.25, 3.0, 3.25, 1.0, 3.775, 2.0, 1.0, 1.0, 3.475, 4.55, 2.0, 3.0, 1.0, 4.0, 3.525, 2.0, 173.15]",180000.0,"[3.014162880283163, 28.941189075803912, 0.14352842402821228, 0.059142990878765206, 0.3744948560740752, 0.4287118375475976, 0.16838809041716382, 0.059739248451646326, 0.6603458624720354, 0.04610556429057008, 0.028060335813981204, 0.02086466209308427, 0.013479673183031357, 0.24418843674342794, 0.06771842392078066, 2.4903076424616373, 0.07199765493412728, 0.1683753248717308, 0.04361990472190965, 0.029103331090202935]",28356.549203413048,1.8,"[3, 8, 17, 18, 15, 12, 12, 17, 11, 7, 3, 19, 19, 9, 16, 9, 15, 9, 15, 20]",20,35118.00321698189,1501763.576861403,0.8
1440000.0,1,0.9999999999999999,8,Case: 0034,35772.91129402367,"[0.03906194856268693, 0.3157155163434645, 0.008908601623942632, 0.01863983585349391, 0.012739232193356041, 0.12093600122141741, 0.21640972664495398, 0.008247380616130262, 0.07336964303801174, 0.18597211390254256]",8,1481704.0925453275,"[336.91209165263575, 229.3896361174426, 422.1960323907823, 984.4082373679563, 251.32304186247796, 327.1095565646645, 903.831688906824, 762.2833966981627, 203.0660671106067, 395.59457044281794]",100,100,0.26910562510319125,machine_cost,5931.181251303765,0.05,"[6.25, 12.225, 3.0, 1.0, 62.85, 9.275, 2.0, 1.0, 27.725, 4.0]",180000.0,"[0.04489785666335452, 0.2898550319550381, 0.0181863775728382, 0.2292024195209106, 0.00914383526386867, 0.12555441824108313, 1.8729537008287034, 0.045791398474347225, 0.03180996025521525, 0.3639257936706534]",22040.346607505486,1.8,"[8, 6, 8, 6, 10, 7, 4, 3, 9, 5]",10,24028.7789580822,1481704.0925453275,0.8
900000.0,1,0.8,5,Case: 0035,16491.045617146596,"[0.012850325802199379, 0.05158288260670764, 0.08746862172948289, 0.05444247621855121, 0.1213628526837491, 0.04539697213830179, 0.024252743334554586, 0.047797778799769104, 0.00043650714350139603, 0.015115791478347787, 0.005630388967303851, 0.07340089316853778, 0.06894515741648566, 0.08886716003379114, 0.03316700712018238, 0.02833444304613163, 0.027208331752179057, 0.051321321001957465, 0.10922188647591091, 0.05319645908235551]",5,921712.4083643896,"[741.3802615398955, 674.3235811966061, 316.7712017511817, 171.54177294841625, 443.2406735167872, 660.7200451523017, 317.2219087352314, 278.7018908144027, 961.4900342462026, 234.87311764417677, 988.5259863958613, 507.438687702593, 482.40396163130947, 796.2178609196918, 981.0015832309323, 865.5764026800449, 638.9700591471264, 313.2829133444873, 780.1591669760519, 415.4276507599796]",100,100,0.1952660900949465,machine_cost,5221.362747243002,0.05,"[1.0, 1.0, 4.0, 8.05, 2.0, 1.0, 3.0, 3.0, 0.0, 5.45, 0.0, 2.0, 2.0, 1.0, 1.0, 1.0, 1.0, 3.0, 1.0, 2.0]",180000.0,"[0.25619557339446436, 0.748568443000067, 0.2860812190721845, 0.05748124476305109, 0.6990173123196853, 0.5624202625479614, 0.0670929502244146, 0.12902071184463076, 0.03933635264528057, 0.02264349431114459, 1.0756725442023733, 0.6187333758439174, 0.5180256988670697, 2.053656200199729, 2.6467358169862605, 1.2945792923296506, 0.31694832707421633, 0.16505827806809334, 3.2036045630950136, 0.26921078206109234]",26739.73112640376,1.8,"[10, 3, 12, 16, 5, 4, 14, 12, 12, 19, 7, 7, 8, 3, 6, 4, 10, 12, 2, 10]",20,57707.03877520561,921712.4083643896,0.8
1620000.0,1,0.8888888888888888,9,Case: 0041,16886.802034157532,"[0.14290645525029788, 0.007505659479552433, 0.000714480395800512, 0.05427855622310535, 0.033357031353923774, 0.030154759846313123, 0.06819346454475964, 0.1497972778832125, 0.021856113386051035, 0.0005198167031681064, 0.02083127064447485, 0.0357738718137987, 0.018128036838376865, 0.12380529809451903, 0.01051876617893033, 0.05275797636738622, 0.07912175402599042, 0.021654828499725637, 0.021971299621854245, 0.10615328284875944]",9,1640159.3195047393,"[94.36312523622716, 746.1413116014274, 426.5747330093796, 776.623987406452, 613.933677031388, 236.39655233363658, 375.1825976453142, 233.95120028791803, 165.88653261590997, 951.2928758038962, 787.3691560492853, 387.8136526804025, 531.2583048977323, 225.75446070569154, 209.89325324634277, 306.28515928832246, 83.21838477691892, 806.8511675491295, 711.0378639388554, 367.23255165448774]",1,100,0.20531085104267427,machine_cost,3272.517470581758,0.05,"[10.8, 1.0, 1.425, 1.0, 1.0, 3.0, 2.0, 3.975, 8.225, 0.0, 1.0, 2.0, 1.0, 5.0, 4.6, 2.15, 27.275, 1.0, 1.0, 2.0]",180000.0,"[0.12435273573572614, 0.09990324115271883, 0.002790369295143214, 0.8657946038053973, 0.3584720407472389, 0.06324221742055092, 0.26798878375797736, 0.28289746278606365, 0.02202718228213819, 0.15951901789344242, 0.45539098381651194, 0.14364963673376838, 0.11049726533217191, 0.1783312295768923, 0.017692701992696493, 0.126031992025453, 0.050791036384855014, 0.3775249047857452, 0.37341286630803777, 0.3970042331601033]",15939.330307980452,1.8,"[17, 6, 16, 7, 7, 16, 8, 12, 19, 3, 3, 2, 14, 16, 19, 12, 19, 2, 16, 9]",20,57630.03077816963,1640159.3195047393,0.8
900000.0,1,0.8,5,Case: 0044,8794.575962030882,"[0.16701897289508552, 0.047954138726693164, 0.010763891102607146, 0.05558661067709787, 0.0069127500514897435, 0.1252386606072997, 0.34905617776677256, 0.05423985329995583, 0.14058716746782873, 0.042641777405169695]",5,911308.3702131166,"[160.9546493811927, 1000.0, 600.3662316892085, 189.83435478122482, 353.9432134774889, 391.7245782948426, 331.636082141561, 103.36747136552813, 405.4565266049102, 212.94333668725412]",1,100,0.15198021837316714,machine_cost,2513.794251085762,0.05,"[5.375, 1.0, 1.0, 4.575, 2.0, 2.0, 3.1, 10.3, 3.0, 3.1]",180000.0,"[0.3083352062966654, 1.6215542099890612, 0.08071969899904526, 0.07488698858790191, 0.027821259034662326, 0.6426471902915211, 1.3025848532884379, 0.045098546317134815, 0.5549690658923119, 0.11053307287722508]",16540.27266175836,1.8,"[8, 6, 8, 9, 10, 6, 3, 10, 7, 9]",10,11784.26275897026,911308.3702131166,0.8
108000.0,1,0.6666666666666666,6,Case: 0075,10254.675685728047,"[0.0806287803559207, 0.0458640594678305, 0.21565314934931268, 0.010481676986528538, 0.010344586379929023, 0.19598121393205822, 0.14598540141317906, 0.0661440156699186, 0.05465402258815169, 0.17426309385717104]",4,126373.73956720493,"[544.1531119780561, 976.1759363796796, 175.66475285173647, 91.42116602781664, 186.18812624724916, 144.1709314313388, 454.3266368804319, 619.6690976655956, 325.14278463819403, 255.1361439525128]",1,100,0.4962583654922887,machine_cost,8119.06388147689,0.05,"[8.1, 0.0, 7.95, 5.2, 3.0, 7.85, 1.025, 1.0, 2.1, 2.025]",18000.0,"[0.9032669049222143, 25.30443299353234, 0.2869269319361444, 0.009267721565534393, 0.022344869304938224, 0.2800995042425261, 0.8245979028135947, 0.7897835359078368, 0.18792363452402278, 0.5583815629532884]",16360.558221366751,1.8,"[10, 3, 6, 9, 9, 6, 3, 4, 6, 4]",10,47019.49317407608,104973.90107133538,0.8
162000.0,1,0.8888888888888888,9,Case: 0076,13561.883448606159,"[0.007129274192188778, 0.05612409110449591, 0.013903538796208138, 0.07614369081261467, 0.008618866715259344, 0.0009117179508376068, 0.0327223184751944, 0.02426687537510085, 0.1262556982372615, 0.012146642422455651, 0.0234781681665172, 0.01052151807748715, 0.039273445247152386, 0.036272737760990936, 0.016943224822250292, 0.1904491813326232, 0.10848404874721541, 0.13054330830718464, 0.012652898924042581, 0.07315875453291952]",9,179734.80826079263,"[892.6236400399383, 368.7811734090419, 202.89396171400585, 44.94076103333008, 857.1194358385328, 271.44422751831615, 144.73105371867217, 862.6224600840337, 308.2785023296947, 295.1206696711221, 289.2025272225611, 739.1261627505544, 109.47525175571279, 196.43655933709988, 443.5154531147739, 187.19585861548606, 149.57049352703012, 257.3998421522319, 979.7594188548645, 446.0960601785207]",1,100,0.30556040604079276,machine_cost,4172.924812186478,0.05,"[0.0, 2.0, 2.35, 24.775, 0.0, 2.575, 9.675, 0.825, 2.0, 2.0, 2.0, 1.0, 11.95, 3.0, 1.0, 4.0, 5.975, 3.975, 0.0, 2.0]",18000.0,"[0.21423841789892223, 0.20212650071114366, 0.03083578235304982, 0.06417267625561132, 0.253879436570791, 0.002081723896452389, 0.030582072696307847, 0.5451327190173727, 0.5083446688120041, 0.0421436326038384, 0.07680968891875331, 0.14403767325276443, 0.046185058343101916, 0.07581250501438007, 0.10911063671069243, 0.36500583812797455, 0.12711488925510586, 0.279164278553375, 0.6238421288331462, 0.3608945548189909]",13656.628050263118,1.8,"[2, 7, 9, 19, 7, 20, 19, 6, 5, 16, 17, 4, 19, 17, 2, 7, 17, 9, 4, 7]",20,68773.9384958744,179734.80826079263,0.8
90000.0,1,0.8,5,Case: 0079,16838.90034928207,"[0.023580811285060673, 0.16901003215075977, 0.028911920917746258, 0.04447671108354425, 0.025685128995303366, 0.00939943082079335, 0.037196066349884614, 0.060785946646444364, 0.0024732849268711272, 0.01259145117964811, 0.07473176075568616, 0.004066713847931931, 0.0003965413982827639, 0.09143456435762148, 0.05661301037761839, 0.06760200009229202, 0.0158162454483491, 0.046698655273103566, 0.05385960664174789, 0.17467011745131086]",5,112741.21524091429,"[327.57613160189624, 688.2406769591412, 224.0939480690954, 778.5815143630983, 508.41068673689216, 565.2396685738197, 344.06652536893375, 196.3310482362888, 558.4950689381537, 463.7855217946732, 817.6043116193008, 701.1682201305676, 411.63341378487763, 272.0597428734524, 965.7972069654833, 591.8809141234118, 248.0658410074201, 260.43258154417464, 373.7933207054792, 257.39797507242645]",100,100,0.24575863718534532,machine_cost,5902.314891632218,0.05,"[2.0, 1.025, 5.55, 1.0, 1.0, 1.0, 2.0, 10.9, 1.625, 1.05, 1.0, 1.0, 1.2, 3.0, 1.0, 1.0, 3.425, 3.325, 2.75, 4.0]",18000.0,"[0.1158449895701944, 2.4374299919561433, 0.061243179513483306, 0.7978686489112464, 0.22947300533858536, 0.08848735613270906, 0.14922490138296401, 0.09404525641856612, 0.022613522161618133, 0.08957530992457605, 1.5973110907244776, 0.05635675111049962, 0.002688560428286496, 0.33838239349763727, 1.7413725180551438, 0.7405411988484382, 0.053512219764522535, 0.16564238239033344, 0.33931557718949934, 0.3979649567473388]",24016.713956550924,1.8,"[15, 2, 19, 10, 9, 17, 15, 19, 20, 17, 9, 12, 20, 15, 12, 10, 19, 18, 17, 14]",20,38388.053313970566,112741.21524091429,0.8
162000.0,1,0.8888888888888888,9,Case: 0080,16474.14280740532,"[0.2807800677228305, 0.11893297042304549, 0.03896382631321526, 0.07614496611125812, 0.02835153263651705, 0.12355136810427492, 0.06339122641645144, 0.026413029508937775, 0.15983254203223668, 0.08363847073123287]",9,181430.08445710738,"[248.994879294016, 568.8322578348882, 266.2321002384423, 211.29542603184595, 739.4438342952686, 1000.0, 204.39321522964414, 202.69557334586716, 250.81563317719284, 695.872157129838]",100,100,0.13905580131744394,machine_cost,2955.9416497020584,0.05,"[5.975, 3.0, 5.0, 8.2, 2.0, 2.0, 7.25, 11.575, 6.05, 2.0]",18000.0,"[0.29725048654496616, 0.27042584120345714, 0.05089830207971754, 0.06268376273631145, 0.08099291037251188, 0.4084162091038349, 0.05294603972815653, 0.017392960533353118, 0.17644109524896112, 0.23167080042937344]",21257.233583186353,1.8,"[3, 3, 8, 8, 6, 2, 8, 9, 6, 2]",10,36777.61446595192,181430.08445710738,0.8
90000.0,1,0.8000000000000002,5,Case: 0117,16402.235399391044,"[0.003758602764222506, 0.04326828230144753, 0.06084416292975198, 0.015218200656745194, 0.04218953606773292, 0.14150018113714816, 0.01622125450381559, 0.030410211372981607, 0.0550380808240367, 0.05085027589983138, 0.03782718169492884, 0.0010835036149917572, 0.029986776580073288, 0.03289437036808763, 0.012451571437266898, 0.05563156249801304, 0.004719382646102468, 0.030877228162693095, 0.19404957739906226, 0.14118005714106693]",5,112037.63488305465,"[63.11108605256054, 126.97407813737621, 390.14730870424074, 195.24565842969787, 441.3474109381255, 603.8246370982167, 85.31253855049604, 574.3344297947325, 336.7405808971357, 338.1964431160491, 157.96032851233988, 710.8437344194688, 238.794804776445, 958.1199623258456, 999.3174923789518, 422.6039590781153, 578.4978504216776, 241.6560583100607, 462.0914267285627, 726.7321797691889]",1,100,0.23732034622354437,machine_cost,5635.399483663607,0.05,"[4.975, 5.825, 2.0, 4.725, 1.975, 2.0, 11.075, 1.0, 2.975, 2.5, 5.075, 1.0, 3.625, 1.0, 0.0, 2.0, 1.0, 3.775, 2.325, 2.0]",18000.0,"[0.005069272357569172, 0.1155086708605005, 0.46741773007289455, 0.034376764146443486, 0.3842875285669363, 2.5735750981943655, 0.026091993637259007, 0.5465136011928916, 0.3498177541701707, 0.3010329195486669, 0.11537344556504166, 0.02604298472236621, 0.14571273164635207, 2.8930216041115866, 2.1661465201114076, 0.406247835345541, 0.06609033597246906, 0.14294316680748764, 2.278230210891889, 3.458157830966903]",23745.960147704027,1.8,"[20, 15, 6, 16, 11, 4, 20, 5, 14, 13, 15, 16, 15, 6, 6, 12, 11, 15, 2, 4]",20,18641.172698020935,112037.63488305465,0.8
162000.0,1,0.8888888888888888,9,Case: 0118,18602.69879130093,"[0.1233768982263539, 0.010503074667557684, 0.042861476002520174, 0.04888036345863343, 0.14572265971048348, 0.07617069921730772, 0.3945985198395927, 0.06698705342004048, 0.0435829932011159, 0.04731626225639467]",9,186158.4931861075,"[728.254805554457, 171.50617634416594, 97.19239882703872, 513.843726835215, 1000.0, 92.35036949652458, 639.2067649643143, 805.0460447427927, 828.0335992654196, 375.82125181447213]",1,100,0.17533930095715866,machine_cost,5555.794394806557,0.05,"[3.0, 7.975, 22.575, 3.0, 2.0, 11.5, 5.025, 2.325, 2.0, 4.025]",18000.0,"[0.4391390009824686, 0.008528369692674292, 0.016459975494832805, 0.1193579843535387, 0.8199510339838263, 0.04039685283742203, 1.1850398049825237, 0.2905675808326429, 0.1965118697598053, 0.07565672515632145]",31685.961815052666,1.8,"[5, 10, 10, 7, 4, 9, 4, 6, 6, 8]",10,12962.73760509491,186158.4931861075,0.8
90000.0,1,0.8,5,Case: 0119,14889.626765693194,"[0.149415973296026, 0.17577328289195648, 0.0011273601747495811, 0.012478005145356926, 0.1485737237626093, 0.0762683085190335, 0.1299589324997424, 0.1316208231818654, 0.12888232599876892, 0.04590126452989132]",5,110325.15930572196,"[922.7515013920756, 212.45808652038284, 337.9176159809053, 994.1032256048684, 353.04972574173695, 215.05565748885493, 300.81280318528303, 456.55949876082485, 471.2711474047031, 393.8576098853473]",100,100,0.2499884898388468,machine_cost,5435.532540028772,0.05,"[1.0, 8.425, 2.725, 0.025, 3.0, 25.675, 5.625, 2.0, 2.0, 2.8]",18000.0,"[3.4032518463352317, 0.23323032866082338, 0.0025655872920077307, 0.3683635103210176, 0.4076042865259501, 0.06490210868165748, 0.2758620144677159, 0.5542712608939014, 0.690034434264864, 0.15603033612929937]",21743.13122789272,1.8,"[2, 6, 8, 4, 5, 7, 6, 5, 4, 6]",10,28978.5734000206,110325.15930572196,0.8
162000.0,1,0.8888888888888888,9,Case: 0120,19128.881295360297,"[0.012193855952912188, 0.23437396756095882, 0.033049468125422574, 0.01156644433978718, 0.06945512631201596, 0.08116175065036069, 0.1239521219510515, 0.09036201874254043, 0.0495001846872775, 0.029529228690548748, 0.03654435183772661, 0.03415740103960453, 0.010925742186963721, 0.01498208959353702, 0.01865369316435629, 0.014483984762229427, 0.01061701745972579, 0.07549639001835515, 0.013244213255024829, 0.03575094966960115]",8,187152.98258406634,"[783.1899224686539, 251.7184855389899, 346.2049379960183, 748.2532842902019, 229.02501846304887, 417.87300160886343, 396.13449424414694, 138.9294885942154, 1000.0, 318.61599213168046, 994.0967039016609, 647.514177375318, 470.9660660021853, 458.4220440967547, 370.4120650432926, 306.2626157896932, 282.28463751357503, 649.2514960413877, 500.467775866658, 803.156297873917]",100,100,0.28137528330074135,machine_cost,6024.1012887060515,0.05,"[1.0, 6.15, 3.0, 1.0, 4.725, 2.0, 2.1, 16.725, 0.0, 3.075, 0.0, 1.0, 2.0, 2.0, 2.625, 3.75, 6.65, 1.0, 2.0, 1.0]",18000.0,"[0.2432066566287901, 0.21090144386749785, 0.08297472108880925, 0.17112886879732656, 0.08210966205369266, 0.3000193823476262, 0.38276233172923535, 0.05669705931504328, 9.271015012553065, 0.04868516995841846, 3.356548346392551, 0.3144404663855545, 0.045008652546838265, 0.0526571240172852, 0.05410974443859957, 0.03253878010283101, 0.01212859038949202, 0.5927151907118972, 0.05810447880797589, 0.6013625109309874]",21409.489909841628,1.8,"[12, 13, 14, 5, 14, 12, 9, 17, 4, 15, 6, 8, 11, 16, 16, 17, 18, 5, 16, 8]",20,55941.547636032104,187152.98258406634,0.8
400000,1,1.0,4,Case: 0022,74286.6158018022,"[0.20098987924896647, 0.06522156778502702, 0.024439695916407985, 0.011585874349435046, 0.07193722439466484, 0.03553639353810447, 0.0010729390774776569, 0.03927583189368288, 0.04141552199488014, 0.0005455344691903801, 0.01832917069524063, 0.01528089805285754, 0.04899328875297068, 0.008197263802794093, 0.0322797722545274, 0.21000930478167676, 0.00032688644228809165, 0.00951127911857245, 0.11558455555035185, 0.04946711788088328]",4,490588.3007256714,"[58.118114721147535, 297.2827716873855, 396.9589597769828, 243.9478453846884, 265.4492021914395, 679.7128550628206, 438.78756833296654, 745.6299780151064, 315.13415136923436, 836.7942107868823, 575.1019205962223, 933.5650696682153, 615.4014727583225, 602.2653226119431, 671.6148960049892, 253.34932073579216, 168.91321568753372, 985.6688726941106, 328.40241820686174, 486.4522193973242]",1,100,0.9693461275480909,machine_cost,16301.6849238692,0.05,"[305.125, 3.025, 4.425, 92.325, 15.675, 1.475, 31.325, 1.75, 2.0, 0.325, 1.0, 1.45, 1.0, 1.0, 3.5, 4.0, 3.975, 1.0, 2.0, 2.95]",100000,"[0.22583944799959493, 0.2943428808506016, 0.14787429356054224, 0.045322365856200156, 0.24066527890086528, 0.46481172516590413, 0.006804296760538573, 0.5843727796564988, 0.17089710837276598, 0.011976750124481007, 0.17473531297395478, 0.35160552328517336, 0.5561687084492176, 0.09578658896843173, 0.3948046932676345, 0.7028437141786761, 0.0007485877350063664, 0.29227112800022365, 0.4530609432485239, 0.32443343851453516]",16817.197139997286,1,"[17, 6, 13, 18, 13, 7, 20, 8, 5, 6, 6, 13, 2, 5, 13, 4, 18, 12, 1, 10]",20,38516.97702598572,490588.3007256714,0.8
800000,1,0.9999999999999999,8,Case: 0023,63611.22923266535,"[0.16824052302283832, 0.01713945737055406, 0.039332592411880564, 0.07267296225824957, 0.39695882785768993, 0.03319239126574961, 0.12347068401258703, 0.01120363898502441, 0.05747369786608465, 0.08031522494934205]",8,869434.189990897,"[154.4114428939626, 416.03536356033624, 240.3799922711092, 313.495337597714, 136.08022326761892, 687.632662330014, 215.73347511098063, 958.9633622795757, 522.0438349207601, 179.11097778761803]",1,100,0.5200036181889985,machine_cost,5822.960758231607,0.05,"[5.375, 2.0, 195.3, 3.0, 49.875, 3.275, 15.125, 0.0, 2.0, 4.0]",100000,"[0.1050838184788151, 0.04321328204158615, 0.05350108762981322, 0.1366538682461818, 0.16316234363196402, 0.2396418894230887, 0.13066699772430607, 6.672416221203157, 0.21149633564247877, 0.08493420896806653]",11197.92354236123,1,"[2, 3, 10, 6, 9, 9, 9, 6, 5, 5]",10,16661.667669057846,869434.189990897,0.8
500000,1,0.8,5,Case: 0029,15537.422507391044,"[0.013429431839810126, 0.22669811246345392, 0.03623199975715838, 0.1260566479289808, 0.08859875136533081, 0.004380628077720801, 0.1750025530293857, 0.16661900694184614, 0.0025706795038294133, 0.16041218909248378]",5,520912.83538335975,"[345.7094833416812, 552.9328739297977, 198.87302394059896, 397.0897349369707, 975.009560784716, 615.2161197683994, 422.82500824036043, 252.49094607503832, 299.1042333093743, 434.0282925530267]",100,100,0.23230456100071797,machine_cost,5375.412875968726,0.05,"[2.925, 2.3, 11.85, 4.025, 1.0, 1.875, 3.0, 11.25, 3.925, 4.35]",100000,"[0.04416745375958277, 1.6944103603337282, 0.029469824917840184, 0.377541780807207, 10.087253614780334, 0.03490708395067173, 0.7071847772804715, 0.22328675481360785, 0.004310310717788474, 0.5844902435323533]",23139.50639975645,1,"[8, 2, 9, 6, 2, 9, 3, 7, 10, 6]",10,23553.820180892944,520912.83538335975,0.8
800000,1,0.9999999999999999,8,Case: 0032,54840.207981657586,"[0.14334617365713131, 0.1087591068796308, 0.07861822262943229, 0.06517083261027623, 0.05813460239023682, 0.10547911729477445, 0.01745223954956586, 0.027215177817078662, 0.05312877560843505, 0.006015926380889954, 0.001580795220005256, 0.008568199850681323, 0.009235015691582898, 0.050917739085476796, 0.02790578721217324, 0.03589337357655934, 0.04561795253492848, 0.09007838829162641, 0.01103796404204326, 0.05584460967747153]",8,863849.3919323097,"[820.6858122826345, 995.4696718979608, 364.3110048393151, 243.6650804131123, 591.4420963225225, 521.1232570327604, 715.6967049145095, 373.59737344882194, 724.0507558940544, 678.2240231402922, 800.4169957757563, 391.89732633582673, 303.4077720443091, 584.4094992678203, 374.93374027970845, 998.7349326456922, 344.9518405873439, 313.9430939916981, 476.76656389383777, 167.8472362928854]",100,100,0.31771087116509117,machine_cost,9009.183950652132,0.05,"[2.0, 2.0, 4.0, 13.125, 3.025, 2.675, 1.0, 4.225, 2.0, 1.0, 1.0, 2.05, 76.075, 3.0, 2.85, 1.0, 5.225, 6.0, 2.0, 34.575]",100000,"[3.014162880283163, 28.941189075803912, 0.14352842402821228, 0.059142990878765206, 0.3744948560740752, 0.4287118375475976, 0.16838809041716382, 0.059739248451646326, 0.6603458624720354, 0.04610556429057008, 0.028060335813981204, 0.02086466209308427, 0.013479673183031357, 0.24418843674342794, 0.06771842392078066, 2.4903076424616373, 0.07199765493412728, 0.1683753248717308, 0.04361990472190965, 0.029103331090202935]",28356.549203413048,1,"[1, 9, 10, 15, 11, 3, 9, 14, 8, 11, 2, 2, 19, 11, 4, 5, 12, 11, 8, 17]",20,38844.93500208855,863849.3919323097,0.8
800000,1,0.9999999999999999,8,Case: 0034,36632.59409397154,"[0.03906194856268693, 0.3157155163434645, 0.008908601623942632, 0.01863983585349391, 0.012739232193356041, 0.12093600122141741, 0.21640972664495398, 0.008247380616130262, 0.07336964303801174, 0.18597211390254256]",8,841437.4528187634,"[336.91209165263575, 229.3896361174426, 422.1960323907823, 984.4082373679563, 251.32304186247796, 327.1095565646645, 903.831688906824, 762.2833966981627, 203.0660671106067, 395.59457044281794]",100,100,0.21800286585128917,machine_cost,4804.858724791935,0.05,"[11.025, 14.35, 2.975, 1.0, 62.75, 6.75, 2.0, 2.0, 22.125, 4.0]",100000,"[0.04489785666335452, 0.2898550319550381, 0.0181863775728382, 0.2292024195209106, 0.00914383526386867, 0.12555441824108313, 1.8729537008287034, 0.045791398474347225, 0.03180996025521525, 0.3639257936706534]",22040.346607505486,1,"[8, 4, 5, 3, 10, 4, 2, 7, 8, 3]",10,32924.79295897484,841437.4528187634,0.8
500000,1,0.8,5,Case: 0035,15585.119138803551,"[0.012850325802199379, 0.05158288260670764, 0.08746862172948289, 0.05444247621855121, 0.1213628526837491, 0.04539697213830179, 0.024252743334554586, 0.047797778799769104, 0.00043650714350139603, 0.015115791478347787, 0.005630388967303851, 0.07340089316853778, 0.06894515741648566, 0.08886716003379114, 0.03316700712018238, 0.02833444304613163, 0.027208331752179057, 0.051321321001957465, 0.10922188647591091, 0.05319645908235551]",5,521680.06412535475,"[741.3802615398955, 674.3235811966061, 316.7712017511817, 171.54177294841625, 443.2406735167872, 660.7200451523017, 317.2219087352314, 278.7018908144027, 961.4900342462026, 234.87311764417677, 988.5259863958613, 507.438687702593, 482.40396163130947, 796.2178609196918, 981.0015832309323, 865.5764026800449, 638.9700591471264, 313.2829133444873, 780.1591669760519, 415.4276507599796]",100,100,0.22793591146220726,machine_cost,6094.944986551195,0.05,"[1.0, 1.0, 4.0, 7.325, 2.0, 1.0, 3.375, 3.0, 0.0, 5.375, 0.0, 2.0, 2.0, 1.0, 0.1, 1.0, 1.0, 3.0, 1.0, 2.0]",100000,"[0.25619557339446436, 0.748568443000067, 0.2860812190721845, 0.05748124476305109, 0.6990173123196853, 0.5624202625479614, 0.0670929502244146, 0.12902071184463076, 0.03933635264528057, 0.02264349431114459, 1.0756725442023733, 0.6187333758439174, 0.5180256988670697, 2.053656200199729, 2.6467358169862605, 1.2945792923296506, 0.31694832707421633, 0.16505827806809334, 3.2036045630950136, 0.26921078206109234]",26739.73112640376,1,"[16, 7, 18, 19, 9, 10, 19, 18, 13, 20, 8, 11, 10, 6, 5, 6, 10, 18, 5, 12]",20,35968.708810806274,521680.06412535475,0.8
900000,1,0.8888888888888888,9,Case: 0041,16385.787289966316,"[0.14290645525029788, 0.007505659479552433, 0.000714480395800512, 0.05427855622310535, 0.033357031353923774, 0.030154759846313123, 0.06819346454475964, 0.1497972778832125, 0.021856113386051035, 0.0005198167031681064, 0.02083127064447485, 0.0357738718137987, 0.018128036838376865, 0.12380529809451903, 0.01051876617893033, 0.05275797636738622, 0.07912175402599042, 0.021654828499725637, 0.021971299621854245, 0.10615328284875944]",9,919906.6648997029,"[94.36312523622716, 746.1413116014274, 426.5747330093796, 776.623987406452, 613.933677031388, 236.39655233363658, 375.1825976453142, 233.95120028791803, 165.88653261590997, 951.2928758038962, 787.3691560492853, 387.8136526804025, 531.2583048977323, 225.75446070569154, 209.89325324634277, 306.28515928832246, 83.21838477691892, 806.8511675491295, 711.0378639388554, 367.23255165448774]",1,100,0.22089244288850382,machine_cost,3520.87760973657,0.05,"[7.375, 1.0, 1.975, 1.0, 1.0, 3.075, 2.0, 3.95, 5.975, 0.0, 1.0, 2.975, 1.0, 5.0, 7.175, 2.0, 16.175, 1.0, 1.0, 2.0]",100000,"[0.12435273573572614, 0.09990324115271883, 0.002790369295143214, 0.8657946038053973, 0.3584720407472389, 0.06324221742055092, 0.26798878375797736, 0.28289746278606365, 0.02202718228213819, 0.15951901789344242, 0.45539098381651194, 0.14364963673376838, 0.11049726533217191, 0.1783312295768923, 0.017692701992696493, 0.126031992025453, 0.050791036384855014, 0.3775249047857452, 0.37341286630803777, 0.3970042331601033]",15939.330307980452,1,"[12, 2, 18, 7, 3, 13, 6, 8, 14, 11, 6, 13, 9, 12, 15, 6, 14, 4, 11, 5]",20,53216.805691957474,919906.6648997029,0.8
500000,1,0.8,5,Case: 0044,8838.263706346805,"[0.16701897289508552, 0.047954138726693164, 0.010763891102607146, 0.05558661067709787, 0.0069127500514897435, 0.1252386606072997, 0.34905617776677256, 0.05423985329995583, 0.14058716746782873, 0.042641777405169695]",5,511355.36275088065,"[160.9546493811927, 1000.0, 600.3662316892085, 189.83435478122482, 353.9432134774889, 391.7245782948426, 331.636082141561, 103.36747136552813, 405.4565266049102, 212.94333668725412]",1,100,0.15218002121292032,machine_cost,2517.0990445338734,0.05,"[5.35, 1.0, 1.0, 4.575, 2.0, 2.0, 4.0, 11.75, 2.025, 3.075]",100000,"[0.3083352062966654, 1.6215542099890612, 0.08071969899904526, 0.07488698858790191, 0.027821259034662326, 0.6426471902915211, 1.3025848532884379, 0.045098546317134815, 0.5549690658923119, 0.11053307287722508]",16540.27266175836,1,"[4, 3, 4, 5, 6, 3, 3, 9, 3, 5]",10,18804.333978176117,511355.36275088065,0.8
70000,1,0.5714285714285714,7,Case: 0075,6250.87271564816,"[0.0806287803559207, 0.0458640594678305, 0.21565314934931268, 0.010481676986528538, 0.010344586379929023, 0.19598121393205822, 0.14598540141317906, 0.0661440156699186, 0.05465402258815169, 0.17426309385717104]",4,80247.93938985642,"[544.1531119780561, 976.1759363796796, 175.66475285173647, 91.42116602781664, 186.18812624724916, 144.1709314313388, 454.3266368804319, 619.6690976655956, 325.14278463819403, 255.1361439525128]",1,100,0.2443111426961048,machine_cost,3997.0666742082626,0.05,"[1.0, 0.0, 7.875, 4.575, 2.55, 8.125, 1.0, 1.0, 2.075, 2.0]",10000,"[0.9032669049222143, 25.30443299353234, 0.2869269319361444, 0.009267721565534393, 0.022344869304938224, 0.2800995042425261, 0.8245979028135947, 0.7897835359078368, 0.18792363452402278, 0.5583815629532884]",16360.558221366751,1,"[6, 3, 9, 2, 2, 9, 6, 4, 9, 6]",10,49566.290340185165,65179.639348165445,0.8
90000,1,0.8888888888888888,9,Case: 0076,13565.0783755996,"[0.007129274192188778, 0.05612409110449591, 0.013903538796208138, 0.07614369081261467, 0.008618866715259344, 0.0009117179508376068, 0.0327223184751944, 0.02426687537510085, 0.1262556982372615, 0.012146642422455651, 0.0234781681665172, 0.01052151807748715, 0.039273445247152386, 0.036272737760990936, 0.016943224822250292, 0.1904491813326232, 0.10848404874721541, 0.13054330830718464, 0.012652898924042581, 0.07315875453291952]",9,108448.60423652426,"[892.6236400399383, 368.7811734090419, 202.89396171400585, 44.94076103333008, 857.1194358385328, 271.44422751831615, 144.73105371867217, 862.6224600840337, 308.2785023296947, 295.1206696711221, 289.2025272225611, 739.1261627505544, 109.47525175571279, 196.43655933709988, 443.5154531147739, 187.19585861548606, 149.57049352703012, 257.3998421522319, 979.7594188548645, 446.0960601785207]",1,100,0.35759382498746295,machine_cost,4883.525860924667,0.05,"[0.0, 2.75, 2.5, 32.65, 1.0, 2.525, 12.575, 0.025, 2.0, 2.0, 2.125, 1.0, 5.275, 3.0, 1.0, 4.7, 5.95, 3.0, 0.0, 1.075]",10000,"[0.21423841789892223, 0.20212650071114366, 0.03083578235304982, 0.06417267625561132, 0.253879436570791, 0.002081723896452389, 0.030582072696307847, 0.5451327190173727, 0.5083446688120041, 0.0421436326038384, 0.07680968891875331, 0.14403767325276443, 0.046185058343101916, 0.07581250501438007, 0.10911063671069243, 0.36500583812797455, 0.12711488925510586, 0.279164278553375, 0.6238421288331462, 0.3608945548189909]",13656.628050263118,1,"[5, 15, 10, 19, 17, 20, 19, 2, 5, 8, 16, 3, 18, 7, 14, 8, 15, 6, 2, 2]",20,40684.84781098366,108448.60423652426,0.8
50000,1,0.8,5,Case: 0079,17415.996336430544,"[0.023580811285060673, 0.16901003215075977, 0.028911920917746258, 0.04447671108354425, 0.025685128995303366, 0.00939943082079335, 0.037196066349884614, 0.060785946646444364, 0.0024732849268711272, 0.01259145117964811, 0.07473176075568616, 0.004066713847931931, 0.0003965413982827639, 0.09143456435762148, 0.05661301037761839, 0.06760200009229202, 0.0158162454483491, 0.046698655273103566, 0.05385960664174789, 0.17467011745131086]",5,73430.11522133302,"[327.57613160189624, 688.2406769591412, 224.0939480690954, 778.5815143630983, 508.41068673689216, 565.2396685738197, 344.06652536893375, 196.3310482362888, 558.4950689381537, 463.7855217946732, 817.6043116193008, 701.1682201305676, 411.63341378487763, 272.0597428734524, 965.7972069654833, 591.8809141234118, 248.0658410074201, 260.43258154417464, 373.7933207054792, 257.39797507242645]",100,100,0.25041389491429694,machine_cost,6014.118884902472,0.05,"[2.0, 1.05, 10.075, 1.0, 1.0, 1.0, 3.175, 6.125, 1.0, 1.325, 1.0, 1.0, 1.05, 3.9, 1.0, 1.0, 5.875, 2.0, 2.0, 4.525]",10000,"[0.1158449895701944, 2.4374299919561433, 0.061243179513483306, 0.7978686489112464, 0.22947300533858536, 0.08848735613270906, 0.14922490138296401, 0.09404525641856612, 0.022613522161618133, 0.08957530992457605, 1.5973110907244776, 0.05635675111049962, 0.002688560428286496, 0.33838239349763727, 1.7413725180551438, 0.7405411988484382, 0.053512219764522535, 0.16564238239033344, 0.33931557718949934, 0.3979649567473388]",24016.713956550924,1,"[14, 2, 20, 10, 10, 13, 19, 19, 19, 18, 9, 17, 20, 14, 7, 10, 20, 11, 5, 12]",20,56803.79138112068,73430.11522133302,0.8
90000,1,0.8888888888888888,9,Case: 0080,16098.503395851189,"[0.2807800677228305, 0.11893297042304549, 0.03896382631321526, 0.07614496611125812, 0.02835153263651705, 0.12355136810427492, 0.06339122641645144, 0.026413029508937775, 0.15983254203223668, 0.08363847073123287]",9,109635.5517667973,"[248.994879294016, 568.8322578348882, 266.2321002384423, 211.29542603184595, 739.4438342952686, 1000.0, 204.39321522964414, 202.69557334586716, 250.81563317719284, 695.872157129838]",100,100,0.16639269437881046,machine_cost,3537.0483709461128,0.05,"[6.75, 2.0, 5.0, 8.05, 2.0, 2.0, 7.325, 11.1, 6.5, 2.0]",10000,"[0.29725048654496616, 0.27042584120345714, 0.05089830207971754, 0.06268376273631145, 0.08099291037251188, 0.4084162091038349, 0.05294603972815653, 0.017392960533353118, 0.17644109524896112, 0.23167080042937344]",21257.233583186353,1,"[6, 2, 8, 8, 4, 4, 8, 9, 7, 3]",10,19129.882982969284,109635.5517667973,0.8
50000,1,0.8000000000000002,5,Case: 0117,16077.412804348098,"[0.003758602764222506, 0.04326828230144753, 0.06084416292975198, 0.015218200656745194, 0.04218953606773292, 0.14150018113714816, 0.01622125450381559, 0.030410211372981607, 0.0550380808240367, 0.05085027589983138, 0.03782718169492884, 0.0010835036149917572, 0.029986776580073288, 0.03289437036808763, 0.012451571437266898, 0.05563156249801304, 0.004719382646102468, 0.030877228162693095, 0.19404957739906226, 0.14118005714106693]",5,71701.44335032688,"[63.11108605256054, 126.97407813737621, 390.14730870424074, 195.24565842969787, 441.3474109381255, 603.8246370982167, 85.31253855049604, 574.3344297947325, 336.7405808971357, 338.1964431160491, 157.96032851233988, 710.8437344194688, 238.794804776445, 958.1199623258456, 999.3174923789518, 422.6039590781153, 578.4978504216776, 241.6560583100607, 462.0914267285627, 726.7321797691889]",1,100,0.2368415726715752,machine_cost,5624.030545978772,0.05,"[5.125, 7.925, 2.0, 3.9, 2.0, 2.0, 11.85, 1.0, 3.025, 2.0, 6.675, 1.0, 2.85, 0.65, 0.0, 2.0, 1.0, 2.95, 2.625, 1.95]",10000,"[0.005069272357569172, 0.1155086708605005, 0.46741773007289455, 0.034376764146443486, 0.3842875285669363, 2.5735750981943655, 0.026091993637259007, 0.5465136011928916, 0.3498177541701707, 0.3010329195486669, 0.11537344556504166, 0.02604298472236621, 0.14571273164635207, 2.8930216041115866, 2.1661465201114076, 0.406247835345541, 0.06609033597246906, 0.14294316680748764, 2.278230210891889, 3.458157830966903]",23745.960147704027,1,"[18, 15, 9, 15, 10, 7, 18, 8, 12, 9, 15, 15, 12, 2, 2, 8, 12, 12, 4, 4]",20,91756.00550508499,71701.44335032688,0.8
90000,1,0.8888888888888888,9,Case: 0118,18344.27979087105,"[0.1233768982263539, 0.010503074667557684, 0.042861476002520174, 0.04888036345863343, 0.14572265971048348, 0.07617069921730772, 0.3945985198395927, 0.06698705342004048, 0.0435829932011159, 0.04731626225639467]",9,114282.10456307716,"[728.254805554457, 171.50617634416594, 97.19239882703872, 513.843726835215, 1000.0, 92.35036949652458, 639.2067649643143, 805.0460447427927, 828.0335992654196, 375.82125181447213]",1,100,0.18739607170091604,machine_cost,5937.824772206097,0.05,"[3.0, 7.675, 22.7, 3.075, 2.0, 11.6, 5.0, 2.025, 2.0, 4.0]",10000,"[0.4391390009824686, 0.008528369692674292, 0.016459975494832805, 0.1193579843535387, 0.8199510339838263, 0.04039685283742203, 1.1850398049825237, 0.2905675808326429, 0.1965118697598053, 0.07565672515632145]",31685.961815052666,1,"[3, 9, 9, 6, 2, 8, 2, 4, 5, 6]",10,24172.104290008545,114282.10456307716,0.8
50000,1,0.8,5,Case: 0119,14855.390848131694,"[0.149415973296026, 0.17577328289195648, 0.0011273601747495811, 0.012478005145356926, 0.1485737237626093, 0.0762683085190335, 0.1299589324997424, 0.1316208231818654, 0.12888232599876892, 0.04590126452989132]",5,70555.87922781664,"[922.7515013920756, 212.45808652038284, 337.9176159809053, 994.1032256048684, 353.04972574173695, 215.05565748885493, 300.81280318528303, 456.55949876082485, 471.2711474047031, 393.8576098853473]",100,100,0.262174215844873,machine_cost,5700.488379684944,0.05,"[1.0, 7.875, 2.65, 0.0, 3.0, 26.4, 5.45, 2.0, 2.0, 2.875]",10000,"[3.4032518463352317, 0.23323032866082338, 0.0025655872920077307, 0.3683635103210176, 0.4076042865259501, 0.06490210868165748, 0.2758620144677159, 0.5542712608939014, 0.690034434264864, 0.15603033612929937]",21743.13122789272,1,"[4, 7, 10, 2, 5, 8, 7, 2, 5, 7]",10,39720.53992199898,70555.87922781664,0.8
90000,1,0.8888888888888888,9,Case: 0120,19637.355250034252,"[0.012193855952912188, 0.23437396756095882, 0.033049468125422574, 0.01156644433978718, 0.06945512631201596, 0.08116175065036069, 0.1239521219510515, 0.09036201874254043, 0.0495001846872775, 0.029529228690548748, 0.03654435183772661, 0.03415740103960453, 0.010925742186963721, 0.01498208959353702, 0.01865369316435629, 0.014483984762229427, 0.01061701745972579, 0.07549639001835515, 0.013244213255024829, 0.03575094966960115]",8,115413.4195416093,"[783.1899224686539, 251.7184855389899, 346.2049379960183, 748.2532842902019, 229.02501846304887, 417.87300160886343, 396.13449424414694, 138.9294885942154, 1000.0, 318.61599213168046, 994.0967039016609, 647.514177375318, 470.9660660021853, 458.4220440967547, 370.4120650432926, 306.2626157896932, 282.28463751357503, 649.2514960413877, 500.467775866658, 803.156297873917]",100,100,0.2697899069944623,machine_cost,5776.064291575052,0.05,"[1.0, 6.0, 2.975, 1.0, 4.75, 2.0, 3.0, 17.0, 0.1, 3.925, 0.0, 1.0, 2.0, 2.0, 2.025, 3.7, 6.725, 1.0, 2.0, 1.0]",10000,"[0.2432066566287901, 0.21090144386749785, 0.08297472108880925, 0.17112886879732656, 0.08210966205369266, 0.3000193823476262, 0.38276233172923535, 0.05669705931504328, 9.271015012553065, 0.04868516995841846, 3.356548346392551, 0.3144404663855545, 0.045008652546838265, 0.0526571240172852, 0.05410974443859957, 0.03253878010283101, 0.01212859038949202, 0.5927151907118972, 0.05810447880797589, 0.6013625109309874]",21409.489909841628,1,"[5, 10, 12, 10, 12, 9, 10, 19, 6, 18, 2, 5, 14, 6, 13, 19, 20, 7, 16, 6]",20,58463.15071797371,115413.4195416093,0.8
560000.0,1,1.0,4,Case: 0022,101306.958605477,"[0.20098987924896647, 0.06522156778502702, 0.024439695916407985, 0.011585874349435046, 0.07193722439466484, 0.03553639353810447, 0.0010729390774776569, 0.03927583189368288, 0.04141552199488014, 0.0005455344691903801, 0.01832917069524063, 0.01528089805285754, 0.04899328875297068, 0.008197263802794093, 0.0322797722545274, 0.21000930478167676, 0.00032688644228809165, 0.00951127911857245, 0.11558455555035185, 0.04946711788088328]",4,679719.9988355947,"[58.118114721147535, 297.2827716873855, 396.9589597769828, 243.9478453846884, 265.4492021914395, 679.7128550628206, 438.78756833296654, 745.6299780151064, 315.13415136923436, 836.7942107868823, 575.1019205962223, 933.5650696682153, 615.4014727583225, 602.2653226119431, 671.6148960049892, 253.34932073579216, 168.91321568753372, 985.6688726941106, 328.40241820686174, 486.4522193973242]",1,100,1.094893523387736,machine_cost,18413.040230117786,0.05,"[848.75, 4.975, 1.275, 11.525, 18.2, 4.35, 30.725, 1.55, 2.0, 15.4, 3.025, 1.0, 2.0, 2.725, 1.35, 6.375, 3.375, 1.0, 2.0, 1.975]",140000.0,"[0.22583944799959493, 0.2943428808506016, 0.14787429356054224, 0.045322365856200156, 0.24066527890086528, 0.46481172516590413, 0.006804296760538573, 0.5843727796564988, 0.17089710837276598, 0.011976750124481007, 0.17473531297395478, 0.35160552328517336, 0.5561687084492176, 0.09578658896843173, 0.3948046932676345, 0.7028437141786761, 0.0007485877350063664, 0.29227112800022365, 0.4530609432485239, 0.32443343851453516]",16817.197139997286,1.4,"[17, 10, 4, 13, 11, 11, 19, 9, 3, 19, 11, 5, 9, 12, 9, 5, 17, 10, 2, 4]",20,25489.005312919617,679719.9988355947,0.8
1120000.0,1,0.9999999999999999,8,Case: 0023,62767.393723161294,"[0.16824052302283832, 0.01713945737055406, 0.039332592411880564, 0.07267296225824957, 0.39695882785768993, 0.03319239126574961, 0.12347068401258703, 0.01120363898502441, 0.05747369786608465, 0.08031522494934205]",8,1188425.4997436642,"[154.4114428939626, 416.03536356033624, 240.3799922711092, 313.495337597714, 136.08022326761892, 687.632662330014, 215.73347511098063, 958.9633622795757, 522.0438349207601, 179.11097778761803]",1,100,0.5052817157661863,machine_cost,5658.1060205028525,0.05,"[5.65, 2.0, 195.0, 3.0, 53.525, 1.0, 16.3, 0.0, 2.0, 4.0]",140000.0,"[0.1050838184788151, 0.04321328204158615, 0.05350108762981322, 0.1366538682461818, 0.16316234363196402, 0.2396418894230887, 0.13066699772430607, 6.672416221203157, 0.21149633564247877, 0.08493420896806653]",11197.92354236123,1.4,"[3, 8, 10, 4, 9, 7, 9, 8, 3, 7]",10,20398.664662122726,1188425.4997436642,0.8
700000.0,1,0.8,5,Case: 0029,15994.229485730477,"[0.013429431839810126, 0.22669811246345392, 0.03623199975715838, 0.1260566479289808, 0.08859875136533081, 0.004380628077720801, 0.1750025530293857, 0.16661900694184614, 0.0025706795038294133, 0.16041218909248378]",5,721668.3485502482,"[345.7094833416812, 552.9328739297977, 198.87302394059896, 397.0897349369707, 975.009560784716, 615.2161197683994, 422.82500824036043, 252.49094607503832, 299.1042333093743, 434.0282925530267]",100,100,0.24521348755206787,machine_cost,5674.119064517673,0.05,"[2.925, 2.375, 17.125, 4.025, 1.0, 1.0, 3.025, 11.35, 3.45, 4.375]",140000.0,"[0.04416745375958277, 1.6944103603337282, 0.029469824917840184, 0.377541780807207, 10.087253614780334, 0.03490708395067173, 0.7071847772804715, 0.22328675481360785, 0.004310310717788474, 0.5844902435323533]",23139.50639975645,1.4,"[9, 2, 10, 6, 3, 8, 4, 7, 10, 6]",10,26798.491618156433,721668.3485502482,0.8
1120000.0,1,0.9999999999999999,8,Case: 0032,54028.00421674643,"[0.14334617365713131, 0.1087591068796308, 0.07861822262943229, 0.06517083261027623, 0.05813460239023682, 0.10547911729477445, 0.01745223954956586, 0.027215177817078662, 0.05312877560843505, 0.006015926380889954, 0.001580795220005256, 0.008568199850681323, 0.009235015691582898, 0.050917739085476796, 0.02790578721217324, 0.03589337357655934, 0.04561795253492848, 0.09007838829162641, 0.01103796404204326, 0.05584460967747153]",8,1181330.6869032932,"[820.6858122826345, 995.4696718979608, 364.3110048393151, 243.6650804131123, 591.4420963225225, 521.1232570327604, 715.6967049145095, 373.59737344882194, 724.0507558940544, 678.2240231402922, 800.4169957757563, 391.89732633582673, 303.4077720443091, 584.4094992678203, 374.93374027970845, 998.7349326456922, 344.9518405873439, 313.9430939916981, 476.76656389383777, 167.8472362928854]",100,100,0.2575307254123773,machine_cost,7302.682686546733,0.05,"[2.0, 2.0, 5.0, 8.375, 2.0, 3.0, 1.0, 4.0, 2.0, 1.0, 1.0, 3.475, 78.05, 2.05, 5.875, 1.0, 4.025, 4.0, 2.0, 33.425]",140000.0,"[3.014162880283163, 28.941189075803912, 0.14352842402821228, 0.059142990878765206, 0.3744948560740752, 0.4287118375475976, 0.16838809041716382, 0.059739248451646326, 0.6603458624720354, 0.04610556429057008, 0.028060335813981204, 0.02086466209308427, 0.013479673183031357, 0.24418843674342794, 0.06771842392078066, 2.4903076424616373, 0.07199765493412728, 0.1683753248717308, 0.04361990472190965, 0.029103331090202935]",28356.549203413048,1.4,"[1, 3, 9, 11, 2, 3, 3, 11, 5, 9, 11, 17, 20, 5, 14, 5, 9, 4, 5, 18]",20,58594.93140101433,1181330.6869032932,0.8
1120000.0,1,0.9999999999999999,8,Case: 0034,39345.228416697224,"[0.03906194856268693, 0.3157155163434645, 0.008908601623942632, 0.01863983585349391, 0.012739232193356041, 0.12093600122141741, 0.21640972664495398, 0.008247380616130262, 0.07336964303801174, 0.18597211390254256]",8,1165122.8786147416,"[336.91209165263575, 229.3896361174426, 422.1960323907823, 984.4082373679563, 251.32304186247796, 327.1095565646645, 903.831688906824, 762.2833966981627, 203.0660671106067, 395.59457044281794]",100,100,0.2621397159006956,machine_cost,5777.650198044348,0.05,"[5.125, 26.95, 2.95, 1.0, 63.6, 4.95, 2.0, 1.9, 28.2, 6.625]",140000.0,"[0.04489785666335452, 0.2898550319550381, 0.0181863775728382, 0.2292024195209106, 0.00914383526386867, 0.12555441824108313, 1.8729537008287034, 0.045791398474347225, 0.03180996025521525, 0.3639257936706534]",22040.346607505486,1.4,"[8, 8, 8, 5, 10, 6, 4, 8, 9, 7]",10,14599.892478942871,1165122.8786147416,0.8
700000.0,1,0.8,5,Case: 0035,15486.605633180472,"[0.012850325802199379, 0.05158288260670764, 0.08746862172948289, 0.05444247621855121, 0.1213628526837491, 0.04539697213830179, 0.024252743334554586, 0.047797778799769104, 0.00043650714350139603, 0.015115791478347787, 0.005630388967303851, 0.07340089316853778, 0.06894515741648566, 0.08886716003379114, 0.03316700712018238, 0.02833444304613163, 0.027208331752179057, 0.051321321001957465, 0.10922188647591091, 0.05319645908235551]",5,721508.5454859402,"[741.3802615398955, 674.3235811966061, 316.7712017511817, 171.54177294841625, 443.2406735167872, 660.7200451523017, 317.2219087352314, 278.7018908144027, 961.4900342462026, 234.87311764417677, 988.5259863958613, 507.438687702593, 482.40396163130947, 796.2178609196918, 981.0015832309323, 865.5764026800449, 638.9700591471264, 313.2829133444873, 780.1591669760519, 415.4276507599796]",100,100,0.22520569949985325,machine_cost,6021.939852759758,0.05,"[1.0, 1.0, 3.325, 7.15, 2.0, 1.0, 3.225, 3.0, 0.0, 5.425, 0.0, 2.0, 2.0, 1.0, 0.125, 1.0, 1.0, 3.5, 1.0, 2.0]",140000.0,"[0.25619557339446436, 0.748568443000067, 0.2860812190721845, 0.05748124476305109, 0.6990173123196853, 0.5624202625479614, 0.0670929502244146, 0.12902071184463076, 0.03933635264528057, 0.02264349431114459, 1.0756725442023733, 0.6187333758439174, 0.5180256988670697, 2.053656200199729, 2.6467358169862605, 1.2945792923296506, 0.31694832707421633, 0.16505827806809334, 3.2036045630950136, 0.26921078206109234]",26739.73112640376,1.4,"[14, 4, 16, 19, 7, 7, 19, 17, 13, 20, 6, 12, 13, 5, 2, 8, 10, 18, 2, 15]",20,91200.53362703323,721508.5454859402,0.8
1260000.0,1,0.8888888888888888,9,Case: 0041,16222.656756607486,"[0.14290645525029788, 0.007505659479552433, 0.000714480395800512, 0.05427855622310535, 0.033357031353923774, 0.030154759846313123, 0.06819346454475964, 0.1497972778832125, 0.021856113386051035, 0.0005198167031681064, 0.02083127064447485, 0.0357738718137987, 0.018128036838376865, 0.12380529809451903, 0.01051876617893033, 0.05275797636738622, 0.07912175402599042, 0.021654828499725637, 0.021971299621854245, 0.10615328284875944]",9,1279747.8337647598,"[94.36312523622716, 746.1413116014274, 426.5747330093796, 776.623987406452, 613.933677031388, 236.39655233363658, 375.1825976453142, 233.95120028791803, 165.88653261590997, 951.2928758038962, 787.3691560492853, 387.8136526804025, 531.2583048977323, 225.75446070569154, 209.89325324634277, 306.28515928832246, 83.21838477691892, 806.8511675491295, 711.0378639388554, 367.23255165448774]",1,100,0.22116217808645447,machine_cost,3525.1770081523937,0.05,"[9.75, 1.0, 1.7, 1.0, 1.0, 2.9, 2.0, 3.0, 10.5, 0.0, 1.0, 2.0, 1.0, 4.35, 5.55, 3.3, 12.7, 1.0, 1.0, 2.0]",140000.0,"[0.12435273573572614, 0.09990324115271883, 0.002790369295143214, 0.8657946038053973, 0.3584720407472389, 0.06324221742055092, 0.26798878375797736, 0.28289746278606365, 0.02202718228213819, 0.15951901789344242, 0.45539098381651194, 0.14364963673376838, 0.11049726533217191, 0.1783312295768923, 0.017692701992696493, 0.126031992025453, 0.050791036384855014, 0.3775249047857452, 0.37341286630803777, 0.3970042331601033]",15939.330307980452,1.4,"[14, 4, 19, 3, 6, 10, 8, 2, 19, 8, 10, 12, 13, 13, 19, 14, 16, 13, 3, 4]",20,42112.7616519928,1279747.8337647598,0.8
700000.0,1,0.8,5,Case: 0044,8728.145258969898,"[0.16701897289508552, 0.047954138726693164, 0.010763891102607146, 0.05558661067709787, 0.0069127500514897435, 0.1252386606072997, 0.34905617776677256, 0.05423985329995583, 0.14058716746782873, 0.042641777405169695]",5,711230.5471552298,"[160.9546493811927, 1000.0, 600.3662316892085, 189.83435478122482, 353.9432134774889, 391.7245782948426, 331.636082141561, 103.36747136552813, 405.4565266049102, 212.94333668725412]",1,100,0.1512914537403956,machine_cost,2502.4018962599453,0.05,"[5.2, 1.0, 1.0, 4.975, 2.0, 2.0, 3.225, 10.275, 2.675, 3.0]",140000.0,"[0.3083352062966654, 1.6215542099890612, 0.08071969899904526, 0.07488698858790191, 0.027821259034662326, 0.6426471902915211, 1.3025848532884379, 0.045098546317134815, 0.5549690658923119, 0.11053307287722508]",16540.27266175836,1.4,"[7, 2, 8, 9, 10, 3, 2, 10, 3, 8]",10,14787.54747915268,711230.5471552298,0.8
70000.0,1,0.7999999999999999,5,Case: 0075,10941.22781198466,"[0.0806287803559207, 0.0458640594678305, 0.21565314934931268, 0.010481676986528538, 0.010344586379929023, 0.19598121393205822, 0.14598540141317906, 0.0661440156699186, 0.05465402258815169, 0.17426309385717104]",4,85182.78675345577,"[544.1531119780561, 976.1759363796796, 175.66475285173647, 91.42116602781664, 186.18812624724916, 144.1709314313388, 454.3266368804319, 619.6690976655956, 325.14278463819403, 255.1361439525128]",1,100,0.259255147903919,machine_cost,4241.558941471115,0.05,"[1.0, 0.0, 16.3, 8.425, 3.925, 16.0, 2.0, 1.0, 4.15, 3.325]",14000.0,"[0.9032669049222143, 25.30443299353234, 0.2869269319361444, 0.009267721565534393, 0.022344869304938224, 0.2800995042425261, 0.8245979028135947, 0.7897835359078368, 0.18792363452402278, 0.5583815629532884]",16360.558221366751,1.4,"[4, 2, 6, 8, 7, 6, 3, 3, 6, 5]",10,33786.95670390129,85182.78675345577,0.8
126000.0,1,0.8888888888888888,9,Case: 0076,13899.784412876568,"[0.007129274192188778, 0.05612409110449591, 0.013903538796208138, 0.07614369081261467, 0.008618866715259344, 0.0009117179508376068, 0.0327223184751944, 0.02426687537510085, 0.1262556982372615, 0.012146642422455651, 0.0234781681665172, 0.01052151807748715, 0.039273445247152386, 0.036272737760990936, 0.016943224822250292, 0.1904491813326232, 0.10848404874721541, 0.13054330830718464, 0.012652898924042581, 0.07315875453291952]",9,144348.79533538208,"[892.6236400399383, 368.7811734090419, 202.89396171400585, 44.94076103333008, 857.1194358385328, 271.44422751831615, 144.73105371867217, 862.6224600840337, 308.2785023296947, 295.1206696711221, 289.2025272225611, 739.1261627505544, 109.47525175571279, 196.43655933709988, 443.5154531147739, 187.19585861548606, 149.57049352703012, 257.3998421522319, 979.7594188548645, 446.0960601785207]",1,100,0.3257766782642797,machine_cost,4449.010922505505,0.05,"[0.0, 2.0, 3.225, 52.1, 0.0, 2.575, 5.05, 1.0, 2.0, 2.0, 2.0, 1.0, 7.6, 3.0, 1.0, 4.95, 6.125, 3.0, 0.0, 1.95]",14000.0,"[0.21423841789892223, 0.20212650071114366, 0.03083578235304982, 0.06417267625561132, 0.253879436570791, 0.002081723896452389, 0.030582072696307847, 0.5451327190173727, 0.5083446688120041, 0.0421436326038384, 0.07680968891875331, 0.14403767325276443, 0.046185058343101916, 0.07581250501438007, 0.10911063671069243, 0.36500583812797455, 0.12711488925510586, 0.279164278553375, 0.6238421288331462, 0.3608945548189909]",13656.628050263118,1.4,"[14, 15, 18, 19, 9, 20, 17, 10, 12, 10, 13, 9, 18, 15, 12, 14, 16, 2, 5, 8]",20,16736.4553399086,144348.79533538208,0.8
70000.0,1,0.8,5,Case: 0079,17393.467087244888,"[0.023580811285060673, 0.16901003215075977, 0.028911920917746258, 0.04447671108354425, 0.025685128995303366, 0.00939943082079335, 0.037196066349884614, 0.060785946646444364, 0.0024732849268711272, 0.01259145117964811, 0.07473176075568616, 0.004066713847931931, 0.0003965413982827639, 0.09143456435762148, 0.05661301037761839, 0.06760200009229202, 0.0158162454483491, 0.046698655273103566, 0.05385960664174789, 0.17467011745131086]",5,92892.68854068936,"[327.57613160189624, 688.2406769591412, 224.0939480690954, 778.5815143630983, 508.41068673689216, 565.2396685738197, 344.06652536893375, 196.3310482362888, 558.4950689381537, 463.7855217946732, 817.6043116193008, 701.1682201305676, 411.63341378487763, 272.0597428734524, 965.7972069654833, 591.8809141234118, 248.0658410074201, 260.43258154417464, 373.7933207054792, 257.39797507242645]",100,100,0.22897476579823603,machine_cost,5499.221453444475,0.05,"[2.0, 2.0, 7.675, 1.0, 1.0, 1.0, 2.0, 5.85, 1.425, 2.0, 1.0, 1.0, 1.2, 2.475, 1.0, 1.0, 4.275, 3.025, 2.0, 5.4]",14000.0,"[0.1158449895701944, 2.4374299919561433, 0.061243179513483306, 0.7978686489112464, 0.22947300533858536, 0.08848735613270906, 0.14922490138296401, 0.09404525641856612, 0.022613522161618133, 0.08957530992457605, 1.5973110907244776, 0.05635675111049962, 0.002688560428286496, 0.33838239349763727, 1.7413725180551438, 0.7405411988484382, 0.053512219764522535, 0.16564238239033344, 0.33931557718949934, 0.3979649567473388]",24016.713956550924,1.4,"[9, 6, 18, 4, 11, 3, 9, 13, 20, 14, 5, 13, 20, 8, 2, 4, 18, 12, 11, 11]",20,61637.361516952515,92892.68854068936,0.8
126000.0,1,0.8888888888888888,9,Case: 0080,20924.907270885313,"[0.2807800677228305, 0.11893297042304549, 0.03896382631321526, 0.07614496611125812, 0.02835153263651705, 0.12355136810427492, 0.06339122641645144, 0.026413029508937775, 0.15983254203223668, 0.08363847073123287]",9,151784.12489890266,"[248.994879294016, 568.8322578348882, 266.2321002384423, 211.29542603184595, 739.4438342952686, 1000.0, 204.39321522964414, 202.69557334586716, 250.81563317719284, 695.872157129838]",100,100,0.22859125149101261,machine_cost,4859.217628017351,0.05,"[9.025, 2.1, 9.95, 19.175, 2.0, 2.0, 16.425, 5.025, 6.125, 2.0]",14000.0,"[0.29725048654496616, 0.27042584120345714, 0.05089830207971754, 0.06268376273631145, 0.08099291037251188, 0.4084162091038349, 0.05294603972815653, 0.017392960533353118, 0.17644109524896112, 0.23167080042937344]",21257.233583186353,1.4,"[6, 4, 9, 9, 6, 2, 9, 5, 6, 4]",10,18276.20689892769,145633.17801587467,0.8
70000.0,1,0.8000000000000002,5,Case: 0117,16248.672126528705,"[0.003758602764222506, 0.04326828230144753, 0.06084416292975198, 0.015218200656745194, 0.04218953606773292, 0.14150018113714816, 0.01622125450381559, 0.030410211372981607, 0.0550380808240367, 0.05085027589983138, 0.03782718169492884, 0.0010835036149917572, 0.029986776580073288, 0.03289437036808763, 0.012451571437266898, 0.05563156249801304, 0.004719382646102468, 0.030877228162693095, 0.19404957739906226, 0.14118005714106693]",5,91799.84320554271,"[63.11108605256054, 126.97407813737621, 390.14730870424074, 195.24565842969787, 441.3474109381255, 603.8246370982167, 85.31253855049604, 574.3344297947325, 336.7405808971357, 338.1964431160491, 157.96032851233988, 710.8437344194688, 238.794804776445, 958.1199623258456, 999.3174923789518, 422.6039590781153, 578.4978504216776, 241.6560583100607, 462.0914267285627, 726.7321797691889]",1,100,0.23377328372846332,machine_cost,5551.171079013996,0.05,"[6.125, 8.55, 2.0, 4.075, 2.0, 2.0, 8.925, 1.0, 2.0, 2.05, 6.8, 1.05, 2.95, 1.0, 0.0, 2.125, 1.0, 2.975, 2.8, 1.975]",14000.0,"[0.005069272357569172, 0.1155086708605005, 0.46741773007289455, 0.034376764146443486, 0.3842875285669363, 2.5735750981943655, 0.026091993637259007, 0.5465136011928916, 0.3498177541701707, 0.3010329195486669, 0.11537344556504166, 0.02604298472236621, 0.14571273164635207, 2.8930216041115866, 2.1661465201114076, 0.406247835345541, 0.06609033597246906, 0.14294316680748764, 2.278230210891889, 3.458157830966903]",23745.960147704027,1.4,"[16, 13, 7, 13, 11, 4, 15, 6, 5, 8, 13, 16, 12, 5, 3, 9, 12, 12, 4, 4]",20,44649.778779029846,91799.84320554271,0.8
126000.0,1,0.8888888888888888,9,Case: 0118,18835.774670532468,"[0.1233768982263539, 0.010503074667557684, 0.042861476002520174, 0.04888036345863343, 0.14572265971048348, 0.07617069921730772, 0.3945985198395927, 0.06698705342004048, 0.0435829932011159, 0.04731626225639467]",9,150143.47285483102,"[728.254805554457, 171.50617634416594, 97.19239882703872, 513.843726835215, 1000.0, 92.35036949652458, 639.2067649643143, 805.0460447427927, 828.0335992654196, 375.82125181447213]",1,100,0.16750945466888445,machine_cost,5307.698184298568,0.05,"[3.0, 7.375, 22.525, 3.0, 2.0, 11.05, 5.025, 2.8, 2.0, 4.025]",14000.0,"[0.4391390009824686, 0.008528369692674292, 0.016459975494832805, 0.1193579843535387, 0.8199510339838263, 0.04039685283742203, 1.1850398049825237, 0.2905675808326429, 0.1965118697598053, 0.07565672515632145]",31685.961815052666,1.4,"[3, 10, 10, 7, 2, 9, 2, 5, 4, 8]",10,22317.19953393936,150143.47285483102,0.8
70000.0,1,0.8,5,Case: 0119,17916.64171348804,"[0.149415973296026, 0.17577328289195648, 0.0011273601747495811, 0.012478005145356926, 0.1485737237626093, 0.0762683085190335, 0.1299589324997424, 0.1316208231818654, 0.12888232599876892, 0.04590126452989132]",5,93532.98464759423,"[922.7515013920756, 212.45808652038284, 337.9176159809053, 994.1032256048684, 353.04972574173695, 215.05565748885493, 300.81280318528303, 456.55949876082485, 471.2711474047031, 393.8576098853473]",100,100,0.2583042375654427,machine_cost,5616.3429341061965,0.05,"[1.0, 6.85, 2.425, 1.0, 3.0, 34.225, 8.85, 2.0, 2.0, 2.0]",14000.0,"[3.4032518463352317, 0.23323032866082338, 0.0025655872920077307, 0.3683635103210176, 0.4076042865259501, 0.06490210868165748, 0.2758620144677159, 0.5542712608939014, 0.690034434264864, 0.15603033612929937]",21743.13122789272,1.4,"[4, 7, 10, 8, 5, 10, 8, 5, 5, 5]",10,31867.441966056824,93532.98464759423,0.8
126000.0,1,0.8888888888888888,9,Case: 0120,18977.622338646604,"[0.012193855952912188, 0.23437396756095882, 0.033049468125422574, 0.01156644433978718, 0.06945512631201596, 0.08116175065036069, 0.1239521219510515, 0.09036201874254043, 0.0495001846872775, 0.029529228690548748, 0.03654435183772661, 0.03415740103960453, 0.010925742186963721, 0.01498208959353702, 0.01865369316435629, 0.014483984762229427, 0.01061701745972579, 0.07549639001835515, 0.013244213255024829, 0.03575094966960115]",8,151051.86619712145,"[783.1899224686539, 251.7184855389899, 346.2049379960183, 748.2532842902019, 229.02501846304887, 417.87300160886343, 396.13449424414694, 138.9294885942154, 1000.0, 318.61599213168046, 994.0967039016609, 647.514177375318, 470.9660660021853, 458.4220440967547, 370.4120650432926, 306.2626157896932, 282.28463751357503, 649.2514960413877, 500.467775866658, 803.156297873917]",100,100,0.2837173554369743,machine_cost,6074.2438584748525,0.05,"[1.0, 6.0, 3.0, 1.0, 4.5, 2.0, 2.0, 17.075, 0.0, 3.625, 0.0, 1.0, 2.0, 2.0, 2.0, 3.725, 6.625, 1.0, 2.0, 1.0]",14000.0,"[0.2432066566287901, 0.21090144386749785, 0.08297472108880925, 0.17112886879732656, 0.08210966205369266, 0.3000193823476262, 0.38276233172923535, 0.05669705931504328, 9.271015012553065, 0.04868516995841846, 3.356548346392551, 0.3144404663855545, 0.045008652546838265, 0.0526571240172852, 0.05410974443859957, 0.03253878010283101, 0.01212859038949202, 0.5927151907118972, 0.05810447880797589, 0.6013625109309874]",21409.489909841628,1.4,"[8, 9, 13, 9, 12, 8, 6, 19, 2, 17, 5, 7, 18, 15, 11, 19, 20, 3, 15, 6]",20,108809.9827311039,151051.86619712145,0.8
